<?xml version="1.0" encoding="UTF-8"?>

<rgmanifest version="1.0.0" 
            product="com.redgiant.trapcode.env-maps"
            productshortname="tcenvmaps"
            productversion="14.0.0">
    <installer-policy
		show="false"
		register="false"
		uninstall="false"
		upgrade="*"
	/>
    <!-- TODO: remove duplicate attrs from rgmanifest element, just rely on
         extensible product-data dictionary -->
    <product-data>
        <value key="identifier">com.redgiant.trapcode.env-maps</value>
        <value key="version">14.1.0</value>
        <value key="product_type">3</value>
        <value key="display_name">Trapcode Environment Maps</value>
        <value key="suite_identifier">com.redgiant.trapcode</value>
        <value key="suite_version">14.1</value>
        <value key="suite_display_name">Trapcode Suite</value>
    </product-data>
    
    <contents>
        <!-- EnvMaps (Mac) -->
        <payload type="resource" deployment="hostapp" os="macosx" id="tc-envmaps-mac">
            <hosts>
                <host-ref>aftereffectsMC</host-ref>
            </hosts>
            <source>EnvMaps/*</source>
            <subpath>Trapcode/EnvMaps</subpath>
        </payload>

        <!-- EnvMaps (Windows) -->
        <payload type="resource" deployment="hostapp" os="windows" id="tc-envmaps-win">
            <hosts>
                <host-ref>aftereffects</host-ref>
            </hosts>
            <source>EnvMaps/*</source>
            <subpath>Trapcode/EnvMaps</subpath>
        </payload>

    </contents>    
</rgmanifest>
