<?xml version="1.0" encoding="UTF-8"?>

<rgmanifest version="1.0.0" 
            product="com.redgiant.trapcode.form" 
            productshortname="form"
            productversion="4.1.0">
    
    <installer-policy
        show="true"
        register="true"
        uninstall="true"
        upgrade="*">
        <mac-legacy-uninstallToolArgs>
            <arg>-a</arg>
            <arg>trapcode</arg>
            <arg>Trapcode Suite</arg>
            <arg>-a</arg>
            <arg>trapcode.form</arg>
            <arg>Form</arg>
            <arg>-a</arg>
            <arg>trapcode.form.${HostAppVKey}</arg>
            <arg>Form for ${HostAppVName}</arg>
            <arg>${Files-to-uninstall}</arg>
        </mac-legacy-uninstallToolArgs>
    </installer-policy>
        
    <!-- TODO: remove duplicate attrs from rgmanifest element, just rely on
         extensible product-data dictionary -->
    <product-data>
        <value key="identifier">com.redgiant.trapcode.form</value>
        <value key="version">4.0.0</value>
        <value key="product_type">1</value>
        <value key="display_name">Form</value>
        <value key="suite_identifier">com.redgiant.trapcode</value>
        <value key="suite_version">15</value>
        <value key="suite_display_name">Trapcode Suite</value>
        <value key="legacy_product_id">89</value>
        <value key="product_url">https://www.redgiant.com/products/trapcode-form/</value>
        <value key="buildstamp">0xad061321a</value>
    </product-data>
    
    <contents>
     
        <!-- Mac OSX Adobe plugin -->
        <payload type="plugin" os="macosx" id="tcform-ae-mac">
            <hosts>
                <host-ref>aftereffectsMC</host-ref>
            </hosts>
            <source>AE/Form.plugin</source>
            <subpath>Trapcode</subpath>
            <dependencies>
                <!-- note: growbounds dependency temporarily removed due 
                    to beta identifier mismatch, still included in installer though 
                    See INST-3125 -->
                <dependency product="com.redgiant.rgbranding-lib" type="package"/>
                <dependency product="com.redgiant.trapcode.tcdesigner" type="package" />
            </dependencies>
        </payload>
    
        <!-- Mac AEIO obj plugin -->
        <payload type="plugin" os="macosx" id="tcform-aeioobj-mac">
            <hosts>
                <host-ref>aftereffects</host-ref>
            </hosts>
            <source>AEIO/TrapcodeOBJ.plugin</source>
            <subpath>Format/Trapcode</subpath>
            <parents>
                <parent idref="tcform-ae-mac"/>
            </parents>
        </payload>
    
        <!-- Windows Adobe plugin -->
        <payload type="plugin" os="windows" id="tcform-ae-win">
            <hosts>
                <host-ref>aftereffects</host-ref>
            </hosts>
            <source>WIN/AE/Form.aex</source>
            <subpath>Trapcode</subpath>
            <dependencies>
                <!-- note: growbounds dependency temporarily removed due 
                    to beta identifier mismatch, still included in installer though 
                    See INST-3125 -->
                <dependency product="com.redgiant.rgbranding-lib" type="package"/>
                <dependency product="com.redgiant.trapcode.tcdesigner" type="package" />
            </dependencies>
        </payload>
        
        <!-- Windows AEIO obj plugin -->
        <payload type="plugin" os="windows" id="tcform-aeioobj-win">
            <hosts>
                <host-ref>aftereffects</host-ref>
            </hosts>
            <source>WIN/AEIO/TrapcodeOBJ.AEX</source>
            <subpath>Format/Trapcode</subpath>
            <parents>
                <parent idref="tcform-ae-win"/>
            </parents>
        </payload>
        
        <!-- Windows system DLLs -->
        <payload type="library" deployment="sysdir" os="windows" id="system32-dlls-win">
            <hosts>
                <host-ref>aftereffects</host-ref>
            </hosts>
            <source>WIN/dll/*</source>
            <sysdir type="winsys"/>
            <parents>
                <parent idref="tcform-ae-win"/>
            </parents>
        </payload>
        
        <!-- Acknowledgements txt file -->
        <payload type="resource" deployment="sysdir" os="windows" id="f4-acknowledgements-win">
            <source>docs/acknowledgements.txt</source>
            <sysdir type="programdata"/>
            <subpath>Red Giant/Documentation/Acknowledgements/Trapcode/Form/4</subpath>
        </payload>
        <payload type="resource" deployment="sysdir" os="mac" id="f4-acknowledgements-mac">
            <source>docs/acknowledgements.txt</source>
            <sysdir type="appsupport"/>
            <subpath>Red Giant/Documentation/Acknowledgements/Trapcode/Form/4</subpath>
        </payload>
        
    </contents>
    
</rgmanifest>
