<?xml version="1.0" encoding="UTF-8"?>

<rgmanifest version="1.0.0"
    product="com.redgiant.trapcode.mir3"
    productshortname="mir"
    productversion="3.0.2">

    <installer-policy
        show="true"
        register="true"
        uninstall="true"
        upgrade="*">
        <mac-legacy-uninstallToolArgs>
            <arg>-a</arg>
            <arg>trapcode</arg>
            <arg>Trapcode Suite</arg>
            <arg>-a</arg>
            <arg>trapcode.mir</arg>
            <arg>MIR</arg>
            <arg>-a</arg>
            <arg>trapcode.mir.${HostAppVKey}</arg>
            <arg>MIR for ${HostAppVName}</arg>
            <arg>${Files-to-uninstall}</arg>
        </mac-legacy-uninstallToolArgs>
    </installer-policy>

    <!-- TODO: remove duplicate attrs from rgmanifest element, just rely on
         extensible product-data dictionary -->
    <product-data>
        <value key="identifier">com.redgiant.trapcode.mir3</value>
        <value key="version">3.0.2</value>
        <value key="product_type">1</value>
        <value key="display_name">Mir</value>
        <value key="suite_identifier">com.redgiant.trapcode</value>
        <value key="suite_version">15</value>
        <value key="suite_display_name">Trapcode Suite</value>
        <value key="legacy_product_id">97</value>
        <value key="product_url">https://www.redgiant.com/products/trapcode-mir/</value>
        <value key="buildstamp">0x6963734</value>
    </product-data>

    <contents>

        <!-- Mac OSX Adobe plugin -->
        <payload type="plugin" os="macosx" id="mir-ae-mac">
            <hosts>
                <host-ref>aftereffectsMC</host-ref>
            </hosts>
            <source>CS5/Mir.plugin</source>
            <subpath>Trapcode</subpath>
            <dependencies>
                <dependency product="com.redgiant.rgbranding-lib" type="package"/>
                <dependency product="com.redgiant.trapcode.env-maps" type="package"/>
                <dependency product="com.redgiant.trapcode.tcdesigner" type="package" />
            </dependencies>
        </payload>

        <!-- Windows Adobe plugin -->
        <payload type="plugin" os="windows" id="mir-ae-win">
            <hosts>
                <host-ref>aftereffects</host-ref>
            </hosts>
            <source>WIN/CS5/Mir.aex</source>
            <subpath>Trapcode</subpath>
            <dependencies>
                <dependency product="com.redgiant.rgbranding-lib" type="package"/>
                <dependency product="com.redgiant.trapcode.env-maps" type="package"/>
                <dependency product="com.redgiant.trapcode.tcdesigner" type="package" />
            </dependencies>
        </payload>

        <!-- Adobe presets -->
        <payload type="presets" deployment="hostpresets" os="*" id="mir-presets">
            <hosts>
                <host-ref>aftereffects</host-ref>
            </hosts>
           <source>presets/*</source>
           <subpath>Trapcode Mir 3</subpath>
            <parents>
                <parent idref="mir-ae-mac"/>
                <parent idref="mir-ae-win"/>
            </parents>
        </payload>

    </contents>
</rgmanifest>
