<?xml version="1.0" encoding="UTF-8"?>

<rgmanifest version="1.0.0" 
            product="com.redgiant.trapcode.starglow" 
            productshortname="starglow"
            productversion="1.7.4">
    
    <installer-policy
        show="true"
        register="true"
        uninstall="true"
        upgrade="*">
        <mac-legacy-uninstallToolArgs>
            <arg>-a</arg>
            <arg>trapcode</arg>
            <arg>Trapcode Suite</arg>
            <arg>-a</arg>
            <arg>trapcode.starglow</arg>
            <arg>Starglow</arg>
            <arg>-a</arg>
            <arg>trapcode.starglow.${HostAppVKey}</arg>
            <arg>Starglow for ${HostAppVName}</arg>
            <arg>${Files-to-uninstall}</arg>
        </mac-legacy-uninstallToolArgs>
    </installer-policy>
        
    <!-- TODO: remove duplicate attrs from rgmanifest element, just rely on
     extensible product-data dictionary -->
    <product-data>
        <value key="identifier">com.redgiant.trapcode.starglow</value>
        <value key="version">1.7.4</value>
        <value key="product_type">1</value>
        <value key="display_name">Trapcode Starglow</value>
        <value key="suite_identifier">com.redgiant.trapcode</value>
        <value key="suite_version">14.0</value>
        <value key="suite_display_name">Trapcode Suite</value>
        <value key="legacy_product_id">86</value>
        <value key="purchase_url">http://www.redgiant.com/products/trapcode-starglow/</value>
        <value key="support_url">http://www.redgiant.com/products/trapcode-starglow/resources/</value>
    </product-data>
    
    <contents>
    
        <!-- Mac OSX Adobe plugin -->
        <payload type="plugin" os="macosx" id="starglow-aepp-mac">
            <hosts>
                <host-ref>aftereffects+premiere</host-ref>
            </hosts>
            <source>CS5/Starglow.plugin</source>
            <subpath>Trapcode</subpath>
            <dependencies>
                <dependency product="com.redgiant.trapcode.RGSGrowBounds" type="plugin"/>
                <dependency product="com.redgiant.rgbranding-lib" type="package"/>
            </dependencies>
        </payload>
    
        <!-- Windows Adobe plugin -->
        <payload type="plugin" os="windows" id="starglow-aepp-win">
            <hosts>
                <host-ref>aftereffects+premiere</host-ref>
            </hosts>
            <source>WIN/CS5/Starglow.aex</source>
            <subpath>Trapcode</subpath>
            <dependencies>
                <dependency product="com.redgiant.trapcode.RGSGrowBounds" type="plugin"/>
                <dependency product="com.redgiant.rgbranding-lib" type="package"/>
            </dependencies>
        </payload>
    
    </contents>
</rgmanifest>
