<?xml version="1.0" encoding="UTF-8"?>

<rgmanifest version="1.0.0" 
            product="com.redgiant.rgbranding-lib" 
            productshortname="rgbranding"
            productversion="1.0.2"
            >
    <installer-policy
        show="false"
        register="false"
        uninstall="false"
        upgrade="*">
    </installer-policy>
    
    <contents>
        <!-- rgbranding dylib (Mac) -->
        <payload type="library" os="macosx" deployment="sysdir" id="rgbranding-library-mac">
            <source>outputs/*</source>
            <sysdir type="appsupport"/>
            <subpath>Red Giant/Common/Libraries</subpath>
        </payload>

        <!-- rgbranding DLL (Windows) -->
        <payload type="library" deployment="sysdir" os="windows" id="rgbranding-library-win">
            <source>outputs/*</source>
            <sysdir type="commonappdata"/>
            <subpath>Red Giant/Common/Libraries</subpath>
        </payload>
        
    </contents>    
</rgmanifest>
