<?xml version="1.0" encoding="UTF-8"?>

<rgmanifest version="1.0.0" 
            product="com.redgiant.trapcode.tcdesigner" 
            productshortname="tcdesigner"
            productversion="15.1.0"
            >
    <installer-policy
        show="false"
        register="true"
        uninstall="true"
        upgrade="*">
    </installer-policy>
    
    <contents>
        <!-- designer frameworks (Mac) -->
        
        <payload type="framework" deployment="sysdir" os="macosx" id="tc14designer-mac">
            <source>framework/*</source>
            <sysdir type="appsupport"/>
            <subpath>Red Giant/Trapcode/15_1</subpath>
        </payload>

        <!-- builder DLL (Windows) -->
        <payload type="library" deployment="sysdir" os="windows" id="tc14designer-win">
            <source>lib/TCDesignerCore.dll</source>
          <sysdir type="programdata"/>
          <subpath>Red Giant/Trapcode/DesignerCore/15_1</subpath>
          <dependencies>
                <dependency product="com.redgiant.trapcode.shared-assets" type="resource"/>
            </dependencies>
        </payload>

        <payload type="resource" deployment="sysdir" os="windows" id="ffmpeg-win">
            <source>Tools/*.exe</source>
            <sysdir type="programfiles"/>
            <subpath>Red Giant/Trapcode Suite/Tools</subpath>
        </payload>
        
    </contents>    
</rgmanifest>
