<?xml version="1.0" encoding="UTF-8"?>

<rgmanifest version="1.0.0" 
            product="com.redgiant.trapcode.3dstroke" 
            productshortname="3dstroke"
            productversion="2.7.3">
    
    <installer-policy
        show="true"
        register="true"
        uninstall="true"
        upgrade="*">
        <mac-legacy-uninstallToolArgs>
            <arg>-a</arg>
            <arg>trapcode</arg>
            <arg>Trapcode Suite</arg>
            <arg>-a</arg>
            <arg>trapcode.3dstroke</arg>
            <arg>3D Stroke</arg>
            <arg>-a</arg>
            <arg>trapcode.3dstroke.${HostAppVKey}</arg>
            <arg>3D Stroke for ${HostAppVName}</arg>
            <arg>${Files-to-uninstall}</arg>
        </mac-legacy-uninstallToolArgs>
    </installer-policy>
        
    <!-- TODO: remove duplicate attrs from rgmanifest element, just rely on
         extensible product-data dictionary -->
    <product-data>
        <value key="identifier">com.redgiant.trapcode.3dstroke</value>
        <value key="version">2.7.3</value>
        <value key="product_type">1</value>
        <value key="display_name">3D Stroke</value>
        <value key="suite_identifier">com.redgiant.trapcode</value>
        <value key="suite_version">14</value>
        <value key="suite_display_name">Trapcode Suite</value>
        <value key="legacy_product_id">87</value>
        <value key="product_url">https://www.redgiant.com/products/trapcode-3d-stroke/</value>
        <value key="buildstamp">0xdf2779f</value>
    </product-data>
    
         
    <contents>
        <!-- Mac OSX plugin -->
        <payload type="plugin" os="macosx" id="3dstroke-ae-mac">
            <hosts>
                <host-ref>aftereffects+premiere</host-ref>
            </hosts>
            <source>CS5/3DStroke.plugin</source>
            <subpath>Trapcode</subpath>
            <dependencies>
                <dependency product="com.redgiant.rgbranding-lib" type="package"/>
                <dependency product="com.redgiant.trapcode.RGSGrowBounds" type="package"/>
            </dependencies>
        </payload>
    
        <!-- Windows plugin -->
        <payload type="plugin" os="windows" id="3dstroke-ae-win">
            <hosts>
                <host-ref>aftereffects+premiere</host-ref>
            </hosts>
            <source>WIN/CS5/3DStroke.aex</source>
            <subpath>Trapcode</subpath>
            <dependencies>
                <dependency product="com.redgiant.rgbranding-lib" type="package"/>
                <dependency product="com.redgiant.trapcode.RGSGrowBounds" type="package"/>
            </dependencies>
        </payload>
    
        <!-- Presets -->
        <payload type="presets" deployment="hostapp" os="*" id="3dstroke-presets">
            <hosts>
                <host-ref>aftereffects+premiere</host-ref>
            </hosts>
            <source>presets/*</source>
            <subpath>Trapcode/Trapcode/SVG</subpath>
            <parents>
                <parent idref="3dstroke-ae-mac"/>
                <parent idref="3dstroke-ae-win"/>
            </parents>
        </payload>
    </contents>
    
</rgmanifest>
