<?xml version="1.0" encoding="UTF-8"?>

<rgmanifest version="1.0.0" 
            product="com.redgiant.trapcode.particular" 
            productshortname="particular"
            productversion="4.1.0"
            >
    <installer-policy
        show="true"
        register="true"
        uninstall="true"
        upgrade="*">
        <mac-legacy-uninstallToolArgs>
            <arg>-a</arg>
            <arg>trapcode</arg>
            <arg>Trapcode Suite</arg>
            <arg>-a</arg>
            <arg>trapcode.particular</arg>
            <arg>Particular</arg>
            <arg>-a</arg>
            <arg>trapcode.particular.${HostAppVKey}</arg>
            <arg>Particular for ${HostAppVName}</arg>
            <arg>${Files-to-uninstall}</arg>
        </mac-legacy-uninstallToolArgs>
    </installer-policy>
        
    <!-- TODO: remove duplicate attrs from rgmanifest element, just rely on
         extensible product-data dictionary -->
    <product-data>
        <value key="identifier">com.redgiant.trapcode.particular</value>
        <value key="version">4.0.0</value>
        <value key="product_type">1</value>
        <value key="display_name">Particular</value>
        <value key="suite_identifier">com.redgiant.trapcode</value>
        <value key="suite_version">15</value>
        <value key="suite_display_name">Trapcode Suite</value>
        <value key="legacy_product_id">88</value>
        <value key="product_url">https://www.redgiant.com/products/trapcode-particular/</value>
        <value key="buildstamp">0xad061321a</value>
    </product-data>
    
    <contents>
        <!-- Mac OSX Adobe plugin -->
        <payload type="plugin" os="macosx" id="particular-ae-mac">
            <hosts>
                <host-ref>aftereffectsMC</host-ref>
            </hosts>
            <source>AE/Particular.plugin</source>
            <subpath>Trapcode</subpath>
            <dependencies>
                <!-- there's a beta issue with growbounds identifier dependency - 
                    temporarily suppressing dependency so it does not matter whether
                    beta or non-beta growbounds is used (they're identical except for identifier). -->
                <!--
                <dependency product="com.redgiant.trapcode.RGSGrowBounds" type="plugin"/>
                -->
                <dependency product="com.redgiant.rgbranding-lib" type="package"/>
                <dependency product="com.redgiant.trapcode.tcdesigner" type="package" />
            </dependencies>
        </payload>

        <!-- Mac AEIO obj plugin -->
        <payload type="plugin" os="macosx" id="particular-aeioobj-mac">
            <hosts>
                <host-ref>aftereffects</host-ref>
            </hosts>
            <source>AEIO/TrapcodeOBJ.plugin</source>
            <subpath>Format/Trapcode</subpath>
            <parents>
                <parent idref="particular-ae-mac"/>
            </parents>
        </payload>


        <!-- Windows Adobe plugin -->
        <payload type="plugin" os="windows" id="particular-ae-win">
            <hosts>
                <host-ref>aftereffects</host-ref>
            </hosts>
            <source>WIN/AE/Particular.aex</source>
            <subpath>Trapcode</subpath>
            <dependencies>
                <!-- there's a beta issue with growbounds identifier dependency - 
                    temporarily suppressing dependency so it does not matter whether
                    beta or non-beta growbounds is used (they're identical except for identifier). -->
                <!--
                <dependency product="com.redgiant.trapcode.RGSGrowBounds" type="plugin"/>
                -->
				<dependency product="com.redgiant.vcredist-x64-2012" type="package"/>
                <dependency product="com.redgiant.rgbranding-lib" type="package"/>
                <dependency product="com.redgiant.trapcode.tcdesigner" type="package" />
            </dependencies>
        </payload>

        <!-- Windows AEIO obj plugin -->
        <payload type="plugin" os="windows" id="particular-aeioobj-win">
            <hosts>
                <host-ref>aftereffects</host-ref>
            </hosts>
            <source>WIN/AEIO/TrapcodeOBJ.AEX</source>
            <subpath>Format/Trapcode</subpath>
            <parents>
                <parent idref="particular-ae-win"/>
            </parents>
        </payload>
        
        <!-- Windows system DLLs -->
        <payload type="library" deployment="sysdir" os="windows" id="system32-dlls-win">
            <hosts>
                <host-ref>aftereffects</host-ref>
            </hosts>
            <source>WIN/dll/*</source>
            <sysdir type="winsys"/>
            <parents>
                <parent idref="particular-ae-win"/>
            </parents>
        </payload>

        <!-- Acknowledgements txt file -->
        <payload type="resource" deployment="sysdir" os="windows" id="p4-acknowledgements-win">
            <source>docs/acknowledgements.txt</source>
            <sysdir type="programdata"/>
            <subpath>Red Giant/Documentation/Acknowledgements/Trapcode/Particular/4</subpath>
        </payload>
        <payload type="resource" deployment="sysdir" os="mac" id="p4-acknowledgements-mac">
            <source>docs/acknowledgements.txt</source>
            <sysdir type="appsupport"/>
            <subpath>Red Giant/Documentation/Acknowledgements/Trapcode/Particular/4</subpath>
        </payload>
        
    </contents>
</rgmanifest>
