<?xml version="1.0" encoding="UTF-8"?>

<rgmanifest version="1.0.0" 
            product="com.redgiant.trapcode.horizon" 
            productshortname="horizon"
            productversion="1.1.11">
    
    <installer-policy
        show="true"
        register="true"
        uninstall="true"
        upgrade="*">
        <mac-legacy-uninstallToolArgs>
            <arg>-a</arg>
            <arg>trapcode</arg>
            <arg>Trapcode Suite</arg>
            <arg>-a</arg>
            <arg>trapcode.horizon</arg>
            <arg>Horizon</arg>
            <arg>-a</arg>
            <arg>trapcode.horizon.${HostAppVKey}</arg>
            <arg>Horizon for ${HostAppVName}</arg>
            <arg>${Files-to-uninstall}</arg>
        </mac-legacy-uninstallToolArgs>
    </installer-policy>
        
    <!-- TODO: remove duplicate attrs from rgmanifest element, just rely on
     extensible product-data dictionary -->
    <product-data>
        <value key="identifier">com.redgiant.trapcode.horizon</value>
        <value key="version">1.1.11</value>
        <value key="product_type">1</value>
        <value key="display_name">Trapcode Horizon</value>
        <value key="suite_identifier">com.redgiant.trapcode</value>
        <value key="suite_version">14.0</value>
        <value key="suite_display_name">Trapcode Suite</value>
        <value key="legacy_product_id">94</value>
        <value key="purchase_url">http://www.redgiant.com/products/trapcode-horizon/</value>
        <value key="support_url">http://www.redgiant.com/products/trapcode-horizon/resources/</value>
    </product-data>
    
    <contents>
    
        <!-- Mac OSX Adobe plugin -->
        <payload type="plugin" os="macosx" id="horizon-ae-mac">
            <hosts>
                <host-ref>aftereffectsMC</host-ref>
            </hosts>
            <source>CS5/Horizon.plugin</source>
            <subpath>Trapcode</subpath>
            <dependencies>
                <dependency product="com.redgiant.rgbranding-lib" type="package"/>
            </dependencies>
        </payload>
    
        <!-- Windows Adobe plugin -->
        <payload type="plugin" os="windows" id="horizon-ae-win">
            <hosts>
                <host-ref>aftereffects</host-ref>
            </hosts>
            <source>WIN/CS5/Horizon.aex</source>
            <subpath>Trapcode</subpath>
            <dependencies>
                <dependency product="com.redgiant.rgbranding-lib" type="package"/>
            </dependencies>
        </payload>
    </contents>
    
</rgmanifest>
