<?xml version="1.0" encoding="UTF-8"?>

<rgmanifest version="1.0.0" 
            product="com.redgiant.trapcode.RGSGrowBounds" 
            productshortname="growbounds"
            productversion="1.0">
    
	<installer-policy
        show="false"
        register="true"
        uninstall="true"
        upgrade="*"/>
		
    <product-data>
        <value key="identifier">com.redgiant.trapcode.RGSGrowBounds</value>
        <value key="version">1.0.0</value>
        <value key="product_type">1</value>
        <value key="display_name">RGS Grow Bounds</value>
        <value key="suite_identifier">com.redgiant.trapcode</value>
        <value key="suite_version">14.1</value>
        <value key="suite_display_name">Trapcode Suite</value>
        <value key="product_url">http://www.redgiant.com/products/trapcode-suite/</value>
    </product-data>
         
    <contents>
        <!-- Mac OSX Adobe plugin -->
        <payload type="plugin" os="macosx" id="growbounds-mac">
            <hosts>
                <host-ref>aftereffectsMC</host-ref>
            </hosts>
            <source>CS5/RGSGrowBounds.plugin</source>
        </payload>
    
        <!-- Windows Adobe plugin -->
        <payload type="plugin" os="windows" id="growbounds-win">
            <hosts>
                <host-ref>aftereffectsMC</host-ref>
            </hosts>
            <source>WIN/CS5/RGSGrowBounds.aex</source>
        </payload>
    
    </contents>
    
</rgmanifest>
