<?xml version="1.0" encoding="UTF-8"?>

<rgmanifest version="1.0.0" 
            product="com.redgiant.trapcode.tao" 
            productshortname="tao"
            productversion="1.2.3">
    
    <installer-policy
        show="true"
        register="true"
        uninstall="true"
        upgrade="*">
        <mac-legacy-uninstallToolArgs>
            <arg>-a</arg>
            <arg>trapcode</arg>
            <arg>Trapcode Suite</arg>
            <arg>-a</arg>
            <arg>trapcode.tao</arg>
            <arg>Tao</arg>
            <arg>-a</arg>
            <arg>trapcode.tao.${HostAppVKey}</arg>
            <arg>Tao for ${HostAppVName}</arg>
            <arg>${Files-to-uninstall}</arg>
        </mac-legacy-uninstallToolArgs>
    </installer-policy>
        
    <!-- TODO: remove duplicate attrs from rgmanifest element, just rely on
         extensible product-data dictionary -->
    <product-data>
        <value key="identifier">com.redgiant.trapcode.tao</value>
        <value key="version">1.2.2</value>
        <value key="product_type">1</value>
        <value key="display_name">Tao</value>
        <value key="suite_identifier">com.redgiant.trapcode</value>
        <value key="suite_version">14.1</value>
        <value key="suite_display_name">Trapcode Suite</value>
        <value key="legacy_product_id">96</value>
        <value key="product_url">http://www.redgiant.com/products/trapcode-tao/</value>
        <value key="buildstamp">0x701558ead</value>
    </product-data>
    
    <contents>
    
        <!-- Mac OSX Adobe plugin -->
        <payload type="plugin" os="macosx" id="tao-ae-mac">
            <hosts>
                <host-ref>aftereffectsMC</host-ref>
            </hosts>
            <source>CS5/Tao.plugin</source>
            <subpath>Trapcode</subpath>
            <dependencies>
                <dependency product="com.redgiant.rgbranding-lib" type="package"/>
                <dependency product="com.redgiant.trapcode.env-maps" type="package"/>
            </dependencies>
        </payload>
        

        <!-- Windows Adobe plugin -->
        <payload type="plugin" os="windows" id="tao-ae-win">
            <hosts>
                <host-ref>aftereffects</host-ref>
            </hosts>
            <source>WIN/CS5/Tao.aex</source>
            <subpath>Trapcode</subpath>
            <dependencies>
                <dependency product="com.redgiant.rgbranding-lib" type="package"/>
                <dependency product="com.redgiant.trapcode.env-maps" type="package"/>
            </dependencies>
        </payload>


        <!-- Adobe presets -->
        <payload type="presets" deployment="hostpresets" os="*" id="tao-presets">
            <hosts>
                <host-ref>aftereffects</host-ref>
            </hosts>
            <source>presets/*</source>
            <subpath>Trapcode Tao</subpath>
            <parents>
                <parent idref="tao-ae-mac"/>
                <parent idref="tao-ae-win"/>
            </parents>
        </payload>


    </contents>
</rgmanifest>
