<?xml version="1.0" encoding="UTF-8"?>

<rgmanifest version="1.0.0"
			product="com.redgiant.link"
			productshortname="link"
			productversion="1.9.14.1">
    
    <installer-policy
        show="false"
        register="false"
        uninstall="false"
        upgrade="*">
    </installer-policy>
        
    <!-- TODO: remove duplicate attrs from rgmanifest element, just rely on
     extensible product-data dictionary -->
    <product-data>
        <value key="identifier">com.redgiant.link</value>
        <value key="version">1.9.14.1</value>
        <value key="product_type">1</value>
        <value key="display_name">Red Giant Link</value>
        <value key="legacy_product_id">904</value>
        <value key="purchase_url">http://www.redgiant.com/link/</value>
        <value key="support_url">http://www.redgiant.com/link/</value>
    </product-data>
    
	<contents>

		<!-- Mac binary -->
		<payload type="app" deployment="sysdir" os="macosx" id="link-mac-app">
			<sysdir type="applications"/>
			<source>app/Red Giant Link.app</source>
			<postflights>
			    <postflight failonerror="false" source="postflight/unquarantine-mac.sh"/>
			</postflights>
		</payload>

		<!-- Windows binaries -->
		<payload type="app" deployment="sysdir" os="windows" id="link-win-app">
			<sysdir type="programfiles32"/>
			<source>app/*</source>
			<subpath>Red Giant Link</subpath>
			<shortcuts>
			    <shortcut type="startmenu"/>
			</shortcuts>
            <registry-entries>
                <registry os="windows"
                    root="HKEY_CLASSES_ROOT"
                    key="rg"
                    name="">URL:rg Protocol</registry>
                <registry os="windows"
                    root="HKEY_CLASSES_ROOT"
                    key="rg"
                    name="URL Protocol"></registry>
                <registry os="windows"
                    root="HKEY_CLASSES_ROOT"
                    key="rg\Default Icon"
                    name="">Red Giant Link.exe,1</registry>
                <registry os="windows"
                    root="HKEY_CLASSES_ROOT"
                    key="rg\Shell\Open\Command"
                    name="">"%ProgramFiles(x86)%\Red Giant Link\Red Giant Link.exe" "%1"</registry>
            </registry-entries>
			<postflights>
			    <postflight source="postflight/create-task-win.bat"/>
			</postflights>
        </payload>
		
	</contents>

</rgmanifest>
