<?xml version="1.0" encoding="UTF-8"?>

<rgmanifest version="1.0.0" 
            product="com.redgiant.vcredist-x64-2012" 
            productshortname="vcredist-x64-2012"
            productversion="1.0.0">
			
	<contents>
		<payload type="resource" os="windows" deployment="sysdir" id="vcredist-x64-2012-exe">
			<source>files/vcredist_x64.12.exe</source>
			<sysdir type="temp"/>
			<postflights>
				<postflight source="postflight/vcredist-postflight.bat"/>
			</postflights>
		</payload>
	</contents>
			
</rgmanifest>