<?xml version="1.0" encoding="UTF-8"?>

<rgmanifest version="1.0.0" 
            product="com.redgiant.trapcode.soundkeys"
            productshortname="soundkeys" 
            productversion="1.4.1">
    
    <installer-policy
        show="true"
        register="true"
        uninstall="true"
        upgrade="*">
        <mac-legacy-uninstallToolArgs>
            <arg>-a</arg>
            <arg>trapcode</arg>
            <arg>Trapcode Suite</arg>
            <arg>-a</arg>
            <arg>trapcode.soundkeys</arg>
            <arg>SoundKeys</arg>
            <arg>-a</arg>
            <arg>trapcode.soundkeys.${HostAppVKey}</arg>
            <arg>SoundKeys for ${HostAppVName}</arg>
            <arg>${Files-to-uninstall}</arg>
        </mac-legacy-uninstallToolArgs>
    </installer-policy>
        
    <!-- TODO: remove duplicate attrs from rgmanifest element, just rely on
     extensible product-data dictionary -->
    <product-data>
        <value key="identifier">com.redgiant.trapcode.soundkeys</value>
        <value key="version">1.4.1</value>
        <value key="product_type">1</value>
        <value key="display_name">Trapcode Sound Keys</value>
        <value key="suite_identifier">com.redgiant.trapcode</value>
        <value key="suite_version">14.0</value>
        <value key="suite_display_name">Trapcode Suite</value>
        <value key="legacy_product_id">92</value>
        <value key="purchase_url">http://www.redgiant.com/products/trapcode-sound-keys/</value>
        <value key="support_url">http://www.redgiant.com/products/trapcode-sound-keys/resources/</value>
    </product-data>
    
    <contents>
    
        <!-- Mac OSX Adobe plugin -->
        <payload type="plugin" os="macosx" id="soundkeys-ae-mac">
            <hosts>
                <host-ref>aftereffectsMC</host-ref>
            </hosts>
            <source>CS5/SoundKeys.plugin</source>
            <subpath>Trapcode</subpath>
            <dependencies>
                <dependency product="com.redgiant.rgbranding-lib" type="package"/>
            </dependencies>
        </payload>
    
        <!-- Windows Adobe plugin -->
        <payload type="plugin" os="windows" id="soundkeys-ae-win">
            <hosts>
                <host-ref>aftereffects</host-ref>
            </hosts>
            <source>WIN/CS5/SoundKeys.aex</source>
            <subpath>Trapcode</subpath>
            <dependencies>
                <dependency product="com.redgiant.rgbranding-lib" type="package"/>
            </dependencies>
        </payload>

    </contents>
</rgmanifest>
